{
    "train_loss": [
        0.06842456815442197,
        0.04996612457964653,
        0.04476307125243926,
        0.04235164566259635,
        0.03641427150416307,
        0.034648294763681586,
        0.035944900286376924,
        0.030820736192390882,
        0.03102683553234079
    ],
    "train_acc": [
        60.056390977443606,
        70.5827067669173,
        74.29511278195488,
        75.84586466165413,
        79.18233082706767,
        80.49812030075188,
        79.9342105263158,
        82.42481203007519,
        82.23684210526316
    ],
    "val_loss": [
        0.05111502931359109,
        0.036764450343360615,
        0.03617826472507434,
        0.034368786081839145,
        0.029680463370312465,
        0.025424257423100848,
        0.04502447825692566,
        0.033825884318530335,
        0.030759008915236828
    ],
    "val_acc": [
        68.53932584269663,
        80.52434456928839,
        79.02621722846442,
        80.89887640449439,
        83.89513108614233,
        85.0187265917603,
        77.15355805243446,
        80.89887640449439,
        81.27340823970037
    ]
}